activity,time,playing
Playing racquet sports,0.0,0.0
Playing racquet sports,5.0,0.0
Playing racquet sports,10.0,0.0
Playing racquet sports,15.0,0.0
Playing racquet sports,20.0,0.0
Playing racquet sports,25.0,0.0
Playing racquet sports,30.0,0.0
Playing racquet sports,35.0,0.0
Playing racquet sports,40.0,0.0
Playing racquet sports,45.0,0.0
Playing racquet sports,50.0,0.0
Playing racquet sports,55.0,0.0
Playing racquet sports,60.0,0.0
Playing racquet sports,65.0,0.0
Playing racquet sports,70.0,0.0
Playing racquet sports,75.0,0.0
Playing racquet sports,80.0,0.0
Playing racquet sports,85.0,0.0
Playing racquet sports,90.0,0.0
Playing racquet sports,95.0,0.0
Playing racquet sports,100.0,0.0
Playing racquet sports,105.0,0.0
Playing racquet sports,110.0,0.0
Playing racquet sports,115.0,0.0
Playing racquet sports,120.0,0.0
Playing racquet sports,125.0,0.0
Playing racquet sports,130.0,0.0
Playing racquet sports,135.0,0.0
Playing racquet sports,140.0,0.0
Playing racquet sports,145.0,0.0
Playing racquet sports,150.0,0.0
Playing racquet sports,155.0,0.0
Playing racquet sports,160.0,0.0
Playing racquet sports,165.0,0.0
Playing racquet sports,170.0,0.0
Playing racquet sports,175.0,0.0
Playing racquet sports,180.0,0.0
Playing racquet sports,185.0,0.0
Playing racquet sports,190.0,0.0
Playing racquet sports,195.0,0.0
Playing racquet sports,200.0,0.0
Playing racquet sports,205.0,0.0
Playing racquet sports,210.0,0.0
Playing racquet sports,215.0,0.0
Playing racquet sports,220.0,0.0
Playing racquet sports,225.0,0.0
Playing racquet sports,230.0,0.0
Playing racquet sports,235.0,0.0
Playing racquet sports,240.0,0.0
Playing racquet sports,245.0,0.0
Playing racquet sports,250.0,0.0
Playing racquet sports,255.0,0.0
Playing racquet sports,260.0,0.0
Playing racquet sports,265.0,0.0
Playing racquet sports,270.0,0.0
Playing racquet sports,275.0,0.0
Playing racquet sports,280.0,0.0
Playing racquet sports,285.0,0.0
Playing racquet sports,290.0,0.0
Playing racquet sports,295.0,0.0
Playing racquet sports,300.0,0.0
Playing racquet sports,305.0,0.0
Playing racquet sports,310.0,0.0
Playing racquet sports,315.0,0.0
Playing racquet sports,320.0,1.2460626000038491e-05
Playing racquet sports,325.0,1.2460626000038491e-05
Playing racquet sports,330.0,1.2460626000038491e-05
Playing racquet sports,335.0,1.2460626000038491e-05
Playing racquet sports,340.0,2.1120822495686367e-05
Playing racquet sports,345.0,2.1120822495686367e-05
Playing racquet sports,350.0,2.1120822495686367e-05
Playing racquet sports,355.0,2.1120822495686367e-05
Playing racquet sports,360.0,2.7914912131532984e-05
Playing racquet sports,365.0,3.0856917703165586e-05
Playing racquet sports,370.0,3.0856917703165586e-05
Playing racquet sports,375.0,3.0856917703165586e-05
Playing racquet sports,380.0,3.0856917703165586e-05
Playing racquet sports,385.0,1.8396291703127105e-05
Playing racquet sports,390.0,3.0272488896006464e-05
Playing racquet sports,395.0,3.939858117772479e-05
Playing racquet sports,400.0,4.5391288467609635e-05
Playing racquet sports,405.0,4.5391288467609635e-05
Playing racquet sports,410.0,4.9848242030676094e-05
Playing racquet sports,415.0,5.770037395029246e-05
Playing racquet sports,420.0,6.995104278977466e-05
Playing racquet sports,425.0,7.405374953074874e-05
Playing racquet sports,430.0,7.767659054439036e-05
Playing racquet sports,435.0,7.857594500103187e-05
Playing racquet sports,440.0,8.966655764019443e-05
Playing racquet sports,445.0,9.529554715471802e-05
Playing racquet sports,450.0,0.00011810240203681876
Playing racquet sports,455.0,0.00010657720839323624
Playing racquet sports,460.0,0.00010566531345728722
Playing racquet sports,465.0,0.00011685497666553477
Playing racquet sports,470.0,0.00016031452411966008
Playing racquet sports,475.0,0.00017005487261264796
Playing racquet sports,480.0,0.0002165202617764077
Playing racquet sports,485.0,0.00023281192654535317
Playing racquet sports,490.0,0.0002261567763994425
Playing racquet sports,495.0,0.00023294431894158583
Playing racquet sports,500.0,0.00023655442291393243
Playing racquet sports,505.0,0.000254367853040748
Playing racquet sports,510.0,0.0002752303579843648
Playing racquet sports,515.0,0.0002806057684947344
Playing racquet sports,520.0,0.0002929095880466688
Playing racquet sports,525.0,0.00029834530623186077
Playing racquet sports,530.0,0.00030726917659374054
Playing racquet sports,535.0,0.0003365576972400031
Playing racquet sports,540.0,0.00036229275798919583
Playing racquet sports,545.0,0.0003633940886631915
Playing racquet sports,550.0,0.00037352734438670016
Playing racquet sports,555.0,0.00040193724962103136
Playing racquet sports,560.0,0.0003540608454942935
Playing racquet sports,565.0,0.00034774413648065033
Playing racquet sports,570.0,0.000356669405591674
Playing racquet sports,575.0,0.00034803523600920644
Playing racquet sports,580.0,0.0003514141155159448
Playing racquet sports,585.0,0.00035581047182626065
Playing racquet sports,590.0,0.0003758879450467508
Playing racquet sports,595.0,0.00039177270456362964
Playing racquet sports,600.0,0.0004625137738570374
Playing racquet sports,605.0,0.00041130908914021
Playing racquet sports,610.0,0.00043771081795065334
Playing racquet sports,615.0,0.00044216594190771904
Playing racquet sports,620.0,0.0004503086986235911
Playing racquet sports,625.0,0.0004446356897539502
Playing racquet sports,630.0,0.00046121150154864913
Playing racquet sports,635.0,0.00042654859883241634
Playing racquet sports,640.0,0.00041608043745989056
Playing racquet sports,645.0,0.0004241589394660284
Playing racquet sports,650.0,0.000424736538621627
Playing racquet sports,655.0,0.00041638040684813737
Playing racquet sports,660.0,0.0004278504876694271
Playing racquet sports,665.0,0.0003938967481366493
Playing racquet sports,670.0,0.000389320647296283
Playing racquet sports,675.0,0.0003928549239718749
Playing racquet sports,680.0,0.0003939064823425802
Playing racquet sports,685.0,0.00038067060270078967
Playing racquet sports,690.0,0.0003805895586137836
Playing racquet sports,695.0,0.0003192397121330555
Playing racquet sports,700.0,0.0003174930061506185
Playing racquet sports,705.0,0.00031841935541272764
Playing racquet sports,710.0,0.00026405351518075536
Playing racquet sports,715.0,0.0002497840397748946
Playing racquet sports,720.0,0.00027390077057977034
Playing racquet sports,725.0,0.0002404781371499603
Playing racquet sports,730.0,0.0002455511879379123
Playing racquet sports,735.0,0.00025559082750478793
Playing racquet sports,740.0,0.00024371199164272675
Playing racquet sports,745.0,0.00023938703735191773
Playing racquet sports,750.0,0.00025025579819774716
Playing racquet sports,755.0,0.00022001592016399703
Playing racquet sports,760.0,0.0002109607305992367
Playing racquet sports,765.0,0.0002119399462609231
Playing racquet sports,770.0,0.00019892806830920502
Playing racquet sports,775.0,0.0002023951137649646
Playing racquet sports,780.0,0.00024037401896713238
Playing racquet sports,785.0,0.00023805563087142895
Playing racquet sports,790.0,0.00022414771193657475
Playing racquet sports,795.0,0.0002350143141105761
Playing racquet sports,800.0,0.0002254494673922366
Playing racquet sports,805.0,0.0002254494673922366
Playing racquet sports,810.0,0.0002419024390890444
Playing racquet sports,815.0,0.00024773090918568663
Playing racquet sports,820.0,0.0002474857972646505
Playing racquet sports,825.0,0.0002594516030311388
Playing racquet sports,830.0,0.000261092056729168
Playing racquet sports,835.0,0.00026355799881941594
Playing racquet sports,840.0,0.0003148769711694032
Playing racquet sports,845.0,0.0002556370623065575
Playing racquet sports,850.0,0.0002464580983602086
Playing racquet sports,855.0,0.00025784001147745924
Playing racquet sports,860.0,0.00026186819665488206
Playing racquet sports,865.0,0.0002801527507656349
Playing racquet sports,870.0,0.0003017964527186024
Playing racquet sports,875.0,0.00028860605874925623
Playing racquet sports,880.0,0.00028429147836834666
Playing racquet sports,885.0,0.0002872871901155484
Playing racquet sports,890.0,0.00028715195108053093
Playing racquet sports,895.0,0.0002851474838866501
Playing racquet sports,900.0,0.0002979152909061084
Playing racquet sports,905.0,0.00027415582467634023
Playing racquet sports,910.0,0.00028065379192284025
Playing racquet sports,915.0,0.00028834006413530736
Playing racquet sports,920.0,0.0002705269604417926
Playing racquet sports,925.0,0.0002834011195184175
Playing racquet sports,930.0,0.00033526315666229705
Playing racquet sports,935.0,0.00025509899606646
Playing racquet sports,940.0,0.0002658909187253129
Playing racquet sports,945.0,0.0002577375459070924
Playing racquet sports,950.0,0.00026385233135391373
Playing racquet sports,955.0,0.00028150980182868796
Playing racquet sports,960.0,0.00030954734635176186
Playing racquet sports,965.0,0.00028758763678087137
Playing racquet sports,970.0,0.00029577781758628903
Playing racquet sports,975.0,0.00033130846688954904
Playing racquet sports,980.0,0.0003436692832753272
Playing racquet sports,985.0,0.0003553104476140885
Playing racquet sports,990.0,0.0003676959070815539
Playing racquet sports,995.0,0.0003415623379627025
Playing racquet sports,1000.0,0.00034446692655598003
Playing racquet sports,1005.0,0.000343389634360058
Playing racquet sports,1010.0,0.0003393045830976136
Playing racquet sports,1015.0,0.0003599695765890233
Playing racquet sports,1020.0,0.0003730275930797875
Playing racquet sports,1025.0,0.00033563858356505926
Playing racquet sports,1030.0,0.0003340723899329369
Playing racquet sports,1035.0,0.0003605001640842469
Playing racquet sports,1040.0,0.00034406241339310183
Playing racquet sports,1045.0,0.00034829722909494247
Playing racquet sports,1050.0,0.0003757208717448298
Playing racquet sports,1055.0,0.000405959683605299
Playing racquet sports,1060.0,0.0004074987525606406
Playing racquet sports,1065.0,0.00041161849701389753
Playing racquet sports,1070.0,0.00040159871635033216
Playing racquet sports,1075.0,0.0004250679623154352
Playing racquet sports,1080.0,0.0004590151178991369
Playing racquet sports,1085.0,0.00039437600399531487
Playing racquet sports,1090.0,0.0003967844973346494
Playing racquet sports,1095.0,0.00043681257529775417
Playing racquet sports,1100.0,0.00042273480048034197
Playing racquet sports,1105.0,0.00042273480048034197
Playing racquet sports,1110.0,0.00043361475219683187
Playing racquet sports,1115.0,0.00040356755668395937
Playing racquet sports,1120.0,0.00039104782870629033
Playing racquet sports,1125.0,0.00045395789386122284
Playing racquet sports,1130.0,0.00044339072053000247
Playing racquet sports,1135.0,0.0004458902554149356
Playing racquet sports,1140.0,0.00047995625729039393
Playing racquet sports,1145.0,0.0004218868812063055
Playing racquet sports,1150.0,0.00041708856879396806
Playing racquet sports,1155.0,0.0004259787919556121
Playing racquet sports,1160.0,0.0004263444490255833
Playing racquet sports,1165.0,0.0004250595434953053
Playing racquet sports,1170.0,0.00041469411559660543
Playing racquet sports,1175.0,0.00039757638415709385
Playing racquet sports,1180.0,0.00038702475063050965
Playing racquet sports,1185.0,0.0003981786062116757
Playing racquet sports,1190.0,0.0003538899971491999
Playing racquet sports,1195.0,0.0003633670929802151
Playing racquet sports,1200.0,0.0003679345635208131
Playing racquet sports,1205.0,0.0003498804467502092
Playing racquet sports,1210.0,0.00034190377613877565
Playing racquet sports,1215.0,0.00034943422734560336
Playing racquet sports,1220.0,0.0002488777187753085
Playing racquet sports,1225.0,0.0002488777187753085
Playing racquet sports,1230.0,0.0002465284844876929
Playing racquet sports,1235.0,0.00020300482799030618
Playing racquet sports,1240.0,0.00021502669955372362
Playing racquet sports,1245.0,0.00020851887788257706
Playing racquet sports,1250.0,0.00014765359443417992
Playing racquet sports,1255.0,0.00015146882839077097
Playing racquet sports,1260.0,0.00014870607418920214
Playing racquet sports,1265.0,0.00012525276554025493
Playing racquet sports,1270.0,0.00012111764713153877
Playing racquet sports,1275.0,0.00012111764713153877
Playing racquet sports,1280.0,0.00010584899273712541
Playing racquet sports,1285.0,0.00010778305914912376
Playing racquet sports,1290.0,0.00011214417031554585
Playing racquet sports,1295.0,5.378286984456049e-05
Playing racquet sports,1300.0,5.378286984456049e-05
Playing racquet sports,1305.0,5.378286984456049e-05
Playing racquet sports,1310.0,5.0975297754799704e-05
Playing racquet sports,1315.0,5.0975297754799704e-05
Playing racquet sports,1320.0,5.002884651942242e-05
Playing racquet sports,1325.0,2.408444286588468e-05
Playing racquet sports,1330.0,2.408444286588468e-05
Playing racquet sports,1335.0,2.408444286588468e-05
Playing racquet sports,1340.0,2.295694750981556e-05
Playing racquet sports,1345.0,2.295694750981556e-05
Playing racquet sports,1350.0,1.1545785266802e-05
Playing racquet sports,1355.0,8.864880705384846e-06
Playing racquet sports,1360.0,8.864880705384846e-06
Playing racquet sports,1365.0,8.864880705384846e-06
Playing racquet sports,1370.0,8.864880705384846e-06
Playing racquet sports,1375.0,8.864880705384846e-06
Playing racquet sports,1380.0,8.864880705384846e-06
Playing racquet sports,1385.0,0.0
Playing racquet sports,1390.0,0.0
Playing racquet sports,1395.0,0.0
Playing racquet sports,1400.0,0.0
Playing racquet sports,1405.0,0.0
Playing racquet sports,1410.0,0.0
Playing racquet sports,1415.0,0.0
Playing racquet sports,1420.0,0.0
Playing racquet sports,1425.0,0.0
Playing racquet sports,1430.0,0.0
Playing racquet sports,1435.0,0.0
Playing basketball,0.0,1.7631706814255868e-05
Playing basketball,5.0,1.9048457175229543e-05
Playing basketball,10.0,1.9048457175229543e-05
Playing basketball,15.0,1.9048457175229543e-05
Playing basketball,20.0,1.9048457175229543e-05
Playing basketball,25.0,1.9048457175229543e-05
Playing basketball,30.0,1.9048457175229543e-05
Playing basketball,35.0,1.9048457175229543e-05
Playing basketball,40.0,1.9048457175229543e-05
Playing basketball,45.0,1.9048457175229543e-05
Playing basketball,50.0,1.9048457175229543e-05
Playing basketball,55.0,1.9048457175229543e-05
Playing basketball,60.0,1.9048457175229543e-05
Playing basketball,65.0,1.0676746986713259e-05
Playing basketball,70.0,1.0676746986713259e-05
Playing basketball,75.0,7.033353837751442e-06
Playing basketball,80.0,7.033353837751442e-06
Playing basketball,85.0,5.037506413532462e-06
Playing basketball,90.0,5.037506413532462e-06
Playing basketball,95.0,5.037506413532462e-06
Playing basketball,100.0,5.037506413532462e-06
Playing basketball,105.0,5.037506413532462e-06
Playing basketball,110.0,5.037506413532462e-06
Playing basketball,115.0,5.037506413532462e-06
Playing basketball,120.0,5.037506413532462e-06
Playing basketball,125.0,5.037506413532462e-06
Playing basketball,130.0,5.037506413532462e-06
Playing basketball,135.0,0.0
Playing basketball,140.0,0.0
Playing basketball,145.0,0.0
Playing basketball,150.0,0.0
Playing basketball,155.0,0.0
Playing basketball,160.0,0.0
Playing basketball,165.0,0.0
Playing basketball,170.0,0.0
Playing basketball,175.0,0.0
Playing basketball,180.0,0.0
Playing basketball,185.0,0.0
Playing basketball,190.0,0.0
Playing basketball,195.0,0.0
Playing basketball,200.0,0.0
Playing basketball,205.0,0.0
Playing basketball,210.0,0.0
Playing basketball,215.0,0.0
Playing basketball,220.0,0.0
Playing basketball,225.0,0.0
Playing basketball,230.0,0.0
Playing basketball,235.0,0.0
Playing basketball,240.0,5.420480243608152e-06
Playing basketball,245.0,5.420480243608152e-06
Playing basketball,250.0,5.420480243608152e-06
Playing basketball,255.0,5.420480243608152e-06
Playing basketball,260.0,5.420480243608152e-06
Playing basketball,265.0,5.420480243608152e-06
Playing basketball,270.0,5.420480243608152e-06
Playing basketball,275.0,5.420480243608152e-06
Playing basketball,280.0,5.420480243608152e-06
Playing basketball,285.0,5.420480243608152e-06
Playing basketball,290.0,5.420480243608152e-06
Playing basketball,295.0,5.420480243608152e-06
Playing basketball,300.0,5.420480243608152e-06
Playing basketball,305.0,5.420480243608152e-06
Playing basketball,310.0,5.420480243608152e-06
Playing basketball,315.0,5.420480243608152e-06
Playing basketball,320.0,9.729029506031883e-06
Playing basketball,325.0,9.729029506031883e-06
Playing basketball,330.0,2.025913598493765e-05
Playing basketball,335.0,2.520415735077475e-05
Playing basketball,340.0,2.923695559234425e-05
Playing basketball,345.0,3.200302502243617e-05
Playing basketball,350.0,3.200302502243617e-05
Playing basketball,355.0,3.200302502243617e-05
Playing basketball,360.0,3.800687579750233e-05
Playing basketball,365.0,5.275803863911634e-05
Playing basketball,370.0,5.675995997596307e-05
Playing basketball,375.0,5.675995997596307e-05
Playing basketball,380.0,5.675995997596307e-05
Playing basketball,385.0,5.675995997596307e-05
Playing basketball,390.0,6.0509577329048595e-05
Playing basketball,395.0,5.641344312953511e-05
Playing basketball,400.0,8.132205900183738e-05
Playing basketball,405.0,8.132205900183738e-05
Playing basketball,410.0,7.855598957174547e-05
Playing basketball,415.0,7.97253464886126e-05
Playing basketball,420.0,8.074475556672899e-05
Playing basketball,425.0,6.255339202080561e-05
Playing basketball,430.0,5.781743363398296e-05
Playing basketball,435.0,5.378463539241345e-05
Playing basketball,440.0,5.0207430982742545e-05
Playing basketball,445.0,6.670459779969491e-05
Playing basketball,450.0,0.00010081774559438576
Playing basketball,455.0,8.077638274153836e-05
Playing basketball,460.0,8.578429165828525e-05
Playing basketball,465.0,0.00010114069694002283
Playing basketball,470.0,0.00010119291749306946
Playing basketball,475.0,0.00010119291749306946
Playing basketball,480.0,9.566132268838704e-05
Playing basketball,485.0,0.00011320773651767263
Playing basketball,490.0,0.00016402601809974764
Playing basketball,495.0,0.00016651605044109264
Playing basketball,500.0,0.00017248722629575476
Playing basketball,505.0,0.00017248722629575476
Playing basketball,510.0,0.00017248722629575476
Playing basketball,515.0,0.00019010884351298608
Playing basketball,520.0,0.00019375739729163145
Playing basketball,525.0,0.00019901479426616528
Playing basketball,530.0,0.00020137743513434623
Playing basketball,535.0,0.00018455281447372825
Playing basketball,540.0,0.0002356831303135483
Playing basketball,545.0,0.0002423244807549184
Playing basketball,550.0,0.0002479011145800288
Playing basketball,555.0,0.0002356541532155361
Playing basketball,560.0,0.00026112111394374036
Playing basketball,565.0,0.00028056750296529887
Playing basketball,570.0,0.00034569458112584456
Playing basketball,575.0,0.00031800176561262033
Playing basketball,580.0,0.00032836043055043415
Playing basketball,585.0,0.00033538587627821986
Playing basketball,590.0,0.00031753970190779934
Playing basketball,595.0,0.00030551783034438184
Playing basketball,600.0,0.0003787554079946192
Playing basketball,605.0,0.00035660638027187116
Playing basketball,610.0,0.00041740194037523593
Playing basketball,615.0,0.0004272502847627625
Playing basketball,620.0,0.00045868218752259334
Playing basketball,625.0,0.0004911450447447858
Playing basketball,630.0,0.0005831655699554582
Playing basketball,635.0,0.0005237454936032851
Playing basketball,640.0,0.0005288793618987149
Playing basketball,645.0,0.0005695516270232464
Playing basketball,650.0,0.0005783143332279577
Playing basketball,655.0,0.0005767200189464836
Playing basketball,660.0,0.0006121071788762997
Playing basketball,665.0,0.0005878968029569985
Playing basketball,670.0,0.0005953616366828117
Playing basketball,675.0,0.0006053426428617952
Playing basketball,680.0,0.0006364798439191452
Playing basketball,685.0,0.0006655386239673044
Playing basketball,690.0,0.0006736893396886566
Playing basketball,695.0,0.0006218804427271231
Playing basketball,700.0,0.0006581086369963563
Playing basketball,705.0,0.000689753774412385
Playing basketball,710.0,0.0006964344161910634
Playing basketball,715.0,0.0007125895168865929
Playing basketball,720.0,0.0008588296893509553
Playing basketball,725.0,0.0008883833493032679
Playing basketball,730.0,0.0008893511011890344
Playing basketball,735.0,0.0008804444651014252
Playing basketball,740.0,0.0008486079649378641
Playing basketball,745.0,0.0008426725186119939
Playing basketball,750.0,0.0008747743897439474
Playing basketball,755.0,0.0008561405704289758
Playing basketball,760.0,0.0008919765858000529
Playing basketball,765.0,0.0009249622189334797
Playing basketball,770.0,0.0009223020964147074
Playing basketball,775.0,0.0009406805334447908
Playing basketball,780.0,0.000984555152424059
Playing basketball,785.0,0.0009212764580766016
Playing basketball,790.0,0.000948584114762656
Playing basketball,795.0,0.0009432728220706364
Playing basketball,800.0,0.0008959608553439075
Playing basketball,805.0,0.0008997123128331002
Playing basketball,810.0,0.0009787345211141817
Playing basketball,815.0,0.0008852504927472782
Playing basketball,820.0,0.0008768299360273328
Playing basketball,825.0,0.0008949017565394543
Playing basketball,830.0,0.0008980597530226556
Playing basketball,835.0,0.0009416327325387897
Playing basketball,840.0,0.001038615386150783
Playing basketball,845.0,0.0010299413818775126
Playing basketball,850.0,0.0010836125079871368
Playing basketball,855.0,0.001211776667201981
Playing basketball,860.0,0.0011932833853206036
Playing basketball,865.0,0.0012082040618163151
Playing basketball,870.0,0.001326224821305076
Playing basketball,875.0,0.0014374558637847061
Playing basketball,880.0,0.001477713743771535
Playing basketball,885.0,0.0014886765919962627
Playing basketball,890.0,0.00146523674521094
Playing basketball,895.0,0.0014896327598873935
Playing basketball,900.0,0.001517076411143605
Playing basketball,905.0,0.0014743615651047922
Playing basketball,910.0,0.0014889170373251109
Playing basketball,915.0,0.0015623824268089484
Playing basketball,920.0,0.0015541340425949865
Playing basketball,925.0,0.0015619659918105185
Playing basketball,930.0,0.00162851125154901
Playing basketball,935.0,0.0015889477969841096
Playing basketball,940.0,0.0015622398193319224
Playing basketball,945.0,0.0015647162029002529
Playing basketball,950.0,0.0016053044597128046
Playing basketball,955.0,0.0016525941008587806
Playing basketball,960.0,0.001684288434932279
Playing basketball,965.0,0.0017030618325636466
Playing basketball,970.0,0.0017150535011491554
Playing basketball,975.0,0.0017263843660652145
Playing basketball,980.0,0.0017506871831567677
Playing basketball,985.0,0.0017949243544041114
Playing basketball,990.0,0.001899030886546729
Playing basketball,995.0,0.0019065197368128934
Playing basketball,1000.0,0.0019335759038434208
Playing basketball,1005.0,0.0020282518060048787
Playing basketball,1010.0,0.0019314439153050632
Playing basketball,1015.0,0.001936557250770368
Playing basketball,1020.0,0.002089857971949973
Playing basketball,1025.0,0.0019576263581581187
Playing basketball,1030.0,0.00196515648731919
Playing basketball,1035.0,0.0019501366646059266
Playing basketball,1040.0,0.0019528764991532351
Playing basketball,1045.0,0.001973314335432664
Playing basketball,1050.0,0.002033370791749819
Playing basketball,1055.0,0.0018516377958796863
Playing basketball,1060.0,0.0017666984197825645
Playing basketball,1065.0,0.0017250849158253626
Playing basketball,1070.0,0.0016974450228722836
Playing basketball,1075.0,0.0017659886511179868
Playing basketball,1080.0,0.0018154389700774226
Playing basketball,1085.0,0.0015309353019026936
Playing basketball,1090.0,0.0014922241181783318
Playing basketball,1095.0,0.0015543322674619075
Playing basketball,1100.0,0.0015809250790945525
Playing basketball,1105.0,0.0015704447545715346
Playing basketball,1110.0,0.0016559373385876149
Playing basketball,1115.0,0.0014944383433382546
Playing basketball,1120.0,0.0015175785875340398
Playing basketball,1125.0,0.0015320938400126625
Playing basketball,1130.0,0.0015529497092341795
Playing basketball,1135.0,0.0016105859969564413
Playing basketball,1140.0,0.0016713204824422288
Playing basketball,1145.0,0.0014818209135226386
Playing basketball,1150.0,0.0015197236772798756
Playing basketball,1155.0,0.0015412806190530366
Playing basketball,1160.0,0.0015509488301740815
Playing basketball,1165.0,0.0015791903765559926
Playing basketball,1170.0,0.0016011209738925045
Playing basketball,1175.0,0.001483796135978301
Playing basketball,1180.0,0.0015067345575207848
Playing basketball,1185.0,0.0015220899247095252
Playing basketball,1190.0,0.0015086403839422245
Playing basketball,1195.0,0.001492619972083649
Playing basketball,1200.0,0.0014636988959929322
Playing basketball,1205.0,0.0012952899325509785
Playing basketball,1210.0,0.001278310807148031
Playing basketball,1215.0,0.0011813756171134824
Playing basketball,1220.0,0.0011285171467063147
Playing basketball,1225.0,0.0010931721194875382
Playing basketball,1230.0,0.0010452794472237993
Playing basketball,1235.0,0.0008154141498443318
Playing basketball,1240.0,0.0007989950848271336
Playing basketball,1245.0,0.0007954437449915015
Playing basketball,1250.0,0.0007113953361212106
Playing basketball,1255.0,0.0006897074164961206
Playing basketball,1260.0,0.0006895150832237745
Playing basketball,1265.0,0.0004978761669764153
Playing basketball,1270.0,0.00046344129810352774
Playing basketball,1275.0,0.0004433240526708667
Playing basketball,1280.0,0.0004204335747031815
Playing basketball,1285.0,0.00044968315501568506
Playing basketball,1290.0,0.0004365007735798605
Playing basketball,1295.0,0.0003558239363224116
Playing basketball,1300.0,0.00035937964176468816
Playing basketball,1305.0,0.0003560780962374397
Playing basketball,1310.0,0.00034834809337027457
Playing basketball,1315.0,0.0003435583840549304
Playing basketball,1320.0,0.00034682503895186977
Playing basketball,1325.0,0.00017722026872059164
Playing basketball,1330.0,0.00017768911118145843
Playing basketball,1335.0,0.00016433975209218015
Playing basketball,1340.0,0.00014772713582031968
Playing basketball,1345.0,0.00013496837003803506
Playing basketball,1350.0,0.00013832553822023164
Playing basketball,1355.0,0.00011628410712548496
Playing basketball,1360.0,0.0001308507544213046
Playing basketball,1365.0,9.2591367547947e-05
Playing basketball,1370.0,8.523327926652806e-05
Playing basketball,1375.0,7.24178132483989e-05
Playing basketball,1380.0,8.838640557548287e-05
Playing basketball,1385.0,7.880698957732102e-05
Playing basketball,1390.0,7.880698957732102e-05
Playing basketball,1395.0,7.660747848618465e-05
Playing basketball,1400.0,7.273312938932987e-05
Playing basketball,1405.0,7.273312938932987e-05
Playing basketball,1410.0,5.132191288222148e-05
Playing basketball,1415.0,5.132191288222148e-05
Playing basketball,1420.0,4.2108069713178946e-05
Playing basketball,1425.0,2.7541422417359297e-05
Playing basketball,1430.0,1.7631706814255868e-05
Playing basketball,1435.0,1.7631706814255868e-05
Dancing,0.0,0.0006272396524054221
Dancing,5.0,0.0005582428582193706
Dancing,10.0,0.0005721790469800852
Dancing,15.0,0.0005749108163433397
Dancing,20.0,0.0005579465936735867
Dancing,25.0,0.0005514082206535092
Dancing,30.0,0.0005503756454322587
Dancing,35.0,0.0004970612556374004
Dancing,40.0,0.0005035250351381988
Dancing,45.0,0.0005153969334151082
Dancing,50.0,0.0005053981752316191
Dancing,55.0,0.0005053981752316191
Dancing,60.0,0.0005072745524552729
Dancing,65.0,0.0003945572354641512
Dancing,70.0,0.0003791133829131596
Dancing,75.0,0.0003767753254560625
Dancing,80.0,0.0003747011831801373
Dancing,85.0,0.00037231832714004347
Dancing,90.0,0.000400451411670204
Dancing,95.0,0.0003809173102839608
Dancing,100.0,0.0003756738657005115
Dancing,105.0,0.0003862917230667415
Dancing,110.0,0.0003653963757740277
Dancing,115.0,0.0003565825774926809
Dancing,120.0,0.00035758312715009354
Dancing,125.0,0.00024480257634306064
Dancing,130.0,0.0002469676592510643
Dancing,135.0,0.0002469676592510643
Dancing,140.0,0.0002169685722846584
Dancing,145.0,0.00020375575269854769
Dancing,150.0,0.00020375575269854769
Dancing,155.0,0.00017183009763346526
Dancing,160.0,0.00017183009763346526
Dancing,165.0,0.00016966501472546168
Dancing,170.0,0.00016784593268866858
Dancing,175.0,0.00016784593268866858
Dancing,180.0,0.00016784593268866858
Dancing,185.0,6.0044876710063504e-05
Dancing,190.0,6.0044876710063504e-05
Dancing,195.0,6.0044876710063504e-05
Dancing,200.0,5.591003383913355e-05
Dancing,205.0,5.591003383913355e-05
Dancing,210.0,5.591003383913355e-05
Dancing,215.0,4.386075855111365e-05
Dancing,220.0,4.386075855111365e-05
Dancing,225.0,4.386075855111365e-05
Dancing,230.0,4.386075855111365e-05
Dancing,235.0,4.386075855111365e-05
Dancing,240.0,6.338848738016847e-05
Dancing,245.0,3.762742341053496e-05
Dancing,250.0,2.5868804509090186e-05
Dancing,255.0,2.5868804509090186e-05
Dancing,260.0,2.9512609209713557e-05
Dancing,265.0,2.9512609209713557e-05
Dancing,270.0,2.9512609209713557e-05
Dancing,275.0,2.7372120242900324e-05
Dancing,280.0,2.7372120242900324e-05
Dancing,285.0,2.7372120242900324e-05
Dancing,290.0,2.7372120242900324e-05
Dancing,295.0,2.7372120242900324e-05
Dancing,300.0,2.7372120242900324e-05
Dancing,305.0,1.583778120184089e-05
Dancing,310.0,1.583778120184089e-05
Dancing,315.0,1.583778120184089e-05
Dancing,320.0,1.583778120184089e-05
Dancing,325.0,1.2193976501217525e-05
Dancing,330.0,1.2193976501217525e-05
Dancing,335.0,1.2193976501217525e-05
Dancing,340.0,1.2193976501217525e-05
Dancing,345.0,1.2193976501217525e-05
Dancing,350.0,1.2193976501217525e-05
Dancing,355.0,1.2193976501217525e-05
Dancing,360.0,1.2193976501217525e-05
Dancing,365.0,1.9271226842844034e-06
Dancing,370.0,1.9271226842844034e-06
Dancing,375.0,1.9271226842844034e-06
Dancing,380.0,1.9271226842844034e-06
Dancing,385.0,1.9271226842844034e-06
Dancing,390.0,4.505474538703493e-06
Dancing,395.0,4.505474538703493e-06
Dancing,400.0,4.505474538703493e-06
Dancing,405.0,4.505474538703493e-06
Dancing,410.0,4.505474538703493e-06
Dancing,415.0,4.505474538703493e-06
Dancing,420.0,4.505474538703493e-06
Dancing,425.0,4.505474538703493e-06
Dancing,430.0,4.505474538703493e-06
Dancing,435.0,4.505474538703493e-06
Dancing,440.0,4.505474538703493e-06
Dancing,445.0,4.505474538703493e-06
Dancing,450.0,4.505474538703493e-06
Dancing,455.0,1.9271226842844034e-06
Dancing,460.0,1.9271226842844034e-06
Dancing,465.0,1.9271226842844034e-06
Dancing,470.0,1.9271226842844034e-06
Dancing,475.0,1.9271226842844034e-06
Dancing,480.0,1.9271226842844034e-06
Dancing,485.0,0.0
Dancing,490.0,0.0
Dancing,495.0,2.0173589399903014e-05
Dancing,500.0,2.2870541843594023e-05
Dancing,505.0,2.2870541843594023e-05
Dancing,510.0,2.2870541843594023e-05
Dancing,515.0,2.2870541843594023e-05
Dancing,520.0,2.2870541843594023e-05
Dancing,525.0,2.2870541843594023e-05
Dancing,530.0,2.925333780549881e-05
Dancing,535.0,2.925333780549881e-05
Dancing,540.0,3.782169334496429e-05
Dancing,545.0,4.243386331005642e-05
Dancing,550.0,5.048888844379948e-05
Dancing,555.0,6.166495201952949e-05
Dancing,560.0,5.7111020563336694e-05
Dancing,565.0,6.983489922534783e-05
Dancing,570.0,6.983489922534783e-05
Dancing,575.0,7.38887489047864e-05
Dancing,580.0,6.583372377104335e-05
Dancing,585.0,8.762401972384799e-05
Dancing,590.0,8.762401972384799e-05
Dancing,595.0,8.762401972384799e-05
Dancing,600.0,9.73582914678886e-05
Dancing,605.0,7.835329028707977e-05
Dancing,610.0,8.767792421642238e-05
Dancing,615.0,7.205826627271215e-05
Dancing,620.0,6.357915514067314e-05
Dancing,625.0,7.291807403696326e-05
Dancing,630.0,8.758007583449378e-05
Dancing,635.0,8.611678064786558e-05
Dancing,640.0,8.611678064786558e-05
Dancing,645.0,7.44754215021344e-05
Dancing,650.0,7.808575187177022e-05
Dancing,655.0,7.808575187177022e-05
Dancing,660.0,9.747468336732658e-05
Dancing,665.0,9.747468336732658e-05
Dancing,670.0,9.747468336732658e-05
Dancing,675.0,8.519491019104555e-05
Dancing,680.0,8.0538645405073e-05
Dancing,685.0,8.420222389064599e-05
Dancing,690.0,8.420222389064599e-05
Dancing,695.0,5.515668018633094e-05
Dancing,700.0,6.307020789177257e-05
Dancing,705.0,5.82306815201855e-05
Dancing,710.0,5.82306815201855e-05
Dancing,715.0,5.82306815201855e-05
Dancing,720.0,6.747825788533321e-05
Dancing,725.0,4.765057195315578e-05
Dancing,730.0,5.025868803104637e-05
Dancing,735.0,4.71846866971918e-05
Dancing,740.0,5.8121668592862634e-05
Dancing,745.0,5.8121668592862634e-05
Dancing,750.0,5.829536094421444e-05
Dancing,755.0,5.829536094421444e-05
Dancing,760.0,6.917647097241706e-05
Dancing,765.0,6.917647097241706e-05
Dancing,770.0,7.186405337635958e-05
Dancing,775.0,6.322384653284416e-05
Dancing,780.0,0.00011581235133515901
Dancing,785.0,0.0001307502094546085
Dancing,790.0,0.00012814209337671793
Dancing,795.0,0.00012814209337671793
Dancing,800.0,0.00012667648507669988
Dancing,805.0,0.00012667648507669988
Dancing,810.0,0.00012667648507669988
Dancing,815.0,0.00011385619890233
Dancing,820.0,0.00011385619890233
Dancing,825.0,0.00011385619890233
Dancing,830.0,0.00011586354783535056
Dancing,835.0,0.00011586354783535056
Dancing,840.0,0.00012114067384188151
Dancing,845.0,7.304227050031984e-05
Dancing,850.0,8.395606159148862e-05
Dancing,855.0,9.267085317919411e-05
Dancing,860.0,0.00011627584186940788
Dancing,865.0,0.00011101109751307842
Dancing,870.0,0.000151143141849976
Dancing,875.0,0.00014471439338090616
Dancing,880.0,0.00014471439338090616
Dancing,885.0,0.0001885898370430135
Dancing,890.0,0.0001885898370430135
Dancing,895.0,0.000182238676153498
Dancing,900.0,0.00018472596189206972
Dancing,905.0,0.00016432084528599728
Dancing,910.0,0.00016654687381777416
Dancing,915.0,0.00016654687381777416
Dancing,920.0,0.00017777898739527363
Dancing,925.0,0.0001876070867755857
Dancing,930.0,0.0002099744097482037
Dancing,935.0,0.00019220188118747875
Dancing,940.0,0.00019220188118747875
Dancing,945.0,0.00018607004398823248
Dancing,950.0,0.00018876434109007305
Dancing,955.0,0.00018876434109007305
Dancing,960.0,0.0002050782463214109
Dancing,965.0,0.00017415075672213258
Dancing,970.0,0.00017415075672213258
Dancing,975.0,0.00017415075672213258
Dancing,980.0,0.00018295394504369298
Dancing,985.0,0.0001854188314907664
Dancing,990.0,0.00019249642757088897
Dancing,995.0,0.00016862818621870255
Dancing,1000.0,0.00017529608744605034
Dancing,1005.0,0.00017529608744605034
Dancing,1010.0,0.0001336165579662079
Dancing,1015.0,0.00014776758897937616
Dancing,1020.0,0.00016691144014421583
Dancing,1025.0,0.0001624184543117963
Dancing,1030.0,0.0001879799429283529
Dancing,1035.0,0.0002146863305344616
Dancing,1040.0,0.0002306923038620368
Dancing,1045.0,0.00023448606780902627
Dancing,1050.0,0.0002359078533159146
Dancing,1055.0,0.00019675900677597016
Dancing,1060.0,0.0002181433381662201
Dancing,1065.0,0.00023662712978913373
Dancing,1070.0,0.00022863977024211522
Dancing,1075.0,0.00023972048633620543
Dancing,1080.0,0.0002536909927139348
Dancing,1085.0,0.00021702875974076522
Dancing,1090.0,0.00023737327207401602
Dancing,1095.0,0.00021224390743703432
Dancing,1100.0,0.00023769539943882108
Dancing,1105.0,0.0002393554373798834
Dancing,1110.0,0.0002616495769899818
Dancing,1115.0,0.00029334811696350954
Dancing,1120.0,0.00031928592877039137
Dancing,1125.0,0.0003371894632633293
Dancing,1130.0,0.00033576289445557284
Dancing,1135.0,0.00033824730196504044
Dancing,1140.0,0.0004030198419705478
Dancing,1145.0,0.0003780472908017411
Dancing,1150.0,0.0003686097951911576
Dancing,1155.0,0.00040834805215613456
Dancing,1160.0,0.00040151347162834986
Dancing,1165.0,0.0004192433567678708
Dancing,1170.0,0.0004890049445144036
Dancing,1175.0,0.0004773640565909373
Dancing,1180.0,0.0004921231600103453
Dancing,1185.0,0.0004861962597433915
Dancing,1190.0,0.0004915924540514239
Dancing,1195.0,0.0005059525796339259
Dancing,1200.0,0.000551869334454975
Dancing,1205.0,0.0005265912232888901
Dancing,1210.0,0.0005538101682154037
Dancing,1215.0,0.0005563077269503545
Dancing,1220.0,0.0005866690864350074
Dancing,1225.0,0.0005941556481580311
Dancing,1230.0,0.0006492671103121238
Dancing,1235.0,0.000602291628750384
Dancing,1240.0,0.0005952649194098207
Dancing,1245.0,0.0006217137535985867
Dancing,1250.0,0.0006198389818651676
Dancing,1255.0,0.0006221370797619494
Dancing,1260.0,0.0006762006488999002
Dancing,1265.0,0.0006122321843150866
Dancing,1270.0,0.0006149961082359835
Dancing,1275.0,0.0006732658592592342
Dancing,1280.0,0.0006914013536579669
Dancing,1285.0,0.0006987064456684952
Dancing,1290.0,0.0007454663110149553
Dancing,1295.0,0.0006686162601184138
Dancing,1300.0,0.0006567790645094126
Dancing,1305.0,0.0006658705932961299
Dancing,1310.0,0.00069106909246969
Dancing,1315.0,0.0006959055670409178
Dancing,1320.0,0.0007188595308450624
Dancing,1325.0,0.0006429582574599211
Dancing,1330.0,0.0006600300951853621
Dancing,1335.0,0.0006543072947072357
Dancing,1340.0,0.0006876312557742853
Dancing,1345.0,0.000682273292948344
Dancing,1350.0,0.0007111623224150098
Dancing,1355.0,0.0006618910837114077
Dancing,1360.0,0.0006739115144052553
Dancing,1365.0,0.0007231594754309768
Dancing,1370.0,0.0007185322324959691
Dancing,1375.0,0.000680459326788282
Dancing,1380.0,0.0007194879826928763
Dancing,1385.0,0.0006043014419038225
Dancing,1390.0,0.0005835264877755067
Dancing,1395.0,0.0006004799210349089
Dancing,1400.0,0.0006028948816146392
Dancing,1405.0,0.0005838285846840168
Dancing,1410.0,0.0005938865334735327
Dancing,1415.0,0.0005686182003888223
Dancing,1420.0,0.0005887451545796567
Dancing,1425.0,0.0005935489847677893
Dancing,1430.0,0.0005945092585229378
Dancing,1435.0,0.0006034810145440303
Playing football,0.0,6.617817408407484e-06
Playing football,5.0,6.617817408407484e-06
Playing football,10.0,6.617817408407484e-06
Playing football,15.0,6.617817408407484e-06
Playing football,20.0,6.617817408407484e-06
Playing football,25.0,6.617817408407484e-06
Playing football,30.0,6.617817408407484e-06
Playing football,35.0,6.617817408407484e-06
Playing football,40.0,6.617817408407484e-06
Playing football,45.0,6.617817408407484e-06
Playing football,50.0,6.617817408407484e-06
Playing football,55.0,6.617817408407484e-06
Playing football,60.0,6.617817408407484e-06
Playing football,65.0,6.617817408407484e-06
Playing football,70.0,6.617817408407484e-06
Playing football,75.0,6.617817408407484e-06
Playing football,80.0,6.617817408407484e-06
Playing football,85.0,6.617817408407484e-06
Playing football,90.0,6.617817408407484e-06
Playing football,95.0,6.617817408407484e-06
Playing football,100.0,6.617817408407484e-06
Playing football,105.0,6.617817408407484e-06
Playing football,110.0,6.617817408407484e-06
Playing football,115.0,6.617817408407484e-06
Playing football,120.0,6.617817408407484e-06
Playing football,125.0,0.0
Playing football,130.0,0.0
Playing football,135.0,0.0
Playing football,140.0,0.0
Playing football,145.0,0.0
Playing football,150.0,0.0
Playing football,155.0,0.0
Playing football,160.0,0.0
Playing football,165.0,0.0
Playing football,170.0,0.0
Playing football,175.0,0.0
Playing football,180.0,0.0
Playing football,185.0,0.0
Playing football,190.0,0.0
Playing football,195.0,0.0
Playing football,200.0,0.0
Playing football,205.0,0.0
Playing football,210.0,0.0
Playing football,215.0,0.0
Playing football,220.0,0.0
Playing football,225.0,0.0
Playing football,230.0,0.0
Playing football,235.0,0.0
Playing football,240.0,0.0
Playing football,245.0,0.0
Playing football,250.0,0.0
Playing football,255.0,0.0
Playing football,260.0,0.0
Playing football,265.0,0.0
Playing football,270.0,0.0
Playing football,275.0,0.0
Playing football,280.0,0.0
Playing football,285.0,0.0
Playing football,290.0,0.0
Playing football,295.0,0.0
Playing football,300.0,0.0
Playing football,305.0,0.0
Playing football,310.0,0.0
Playing football,315.0,0.0
Playing football,320.0,0.0
Playing football,325.0,0.0
Playing football,330.0,0.0
Playing football,335.0,0.0
Playing football,340.0,0.0
Playing football,345.0,6.1898168430279926e-06
Playing football,350.0,6.1898168430279926e-06
Playing football,355.0,6.1898168430279926e-06
Playing football,360.0,6.1898168430279926e-06
Playing football,365.0,6.1898168430279926e-06
Playing football,370.0,6.1898168430279926e-06
Playing football,375.0,6.1898168430279926e-06
Playing football,380.0,6.1898168430279926e-06
Playing football,385.0,6.1898168430279926e-06
Playing football,390.0,1.3995462730084353e-05
Playing football,395.0,1.3995462730084353e-05
Playing football,400.0,1.3995462730084353e-05
Playing football,405.0,1.3995462730084353e-05
Playing football,410.0,1.6615327774278787e-05
Playing football,415.0,1.6615327774278787e-05
Playing football,420.0,1.6615327774278787e-05
Playing football,425.0,3.073866899495185e-05
Playing football,430.0,5.0597599508069954e-05
Playing football,435.0,5.437640807133275e-05
Playing football,440.0,4.873107056650066e-05
Playing football,445.0,5.768166107357057e-05
Playing football,450.0,5.5624183568657164e-05
Playing football,455.0,5.5624183568657164e-05
Playing football,460.0,6.755830424475037e-05
Playing football,465.0,6.755830424475037e-05
Playing football,470.0,9.283055979412421e-05
Playing football,475.0,0.00010070266732573104
Playing football,480.0,0.00010393451846573992
Playing football,485.0,9.774470162271192e-05
Playing football,490.0,0.00011573363352417593
Playing football,495.0,0.00011573363352417593
Playing football,500.0,0.00014402142286868908
Playing football,505.0,0.00014402142286868908
Playing football,510.0,0.000148306288166624
Playing football,515.0,0.00015159156116932698
Playing football,520.0,0.00015159156116932698
Playing football,525.0,0.00016886936075742443
Playing football,530.0,0.00016509055219416163
Playing football,535.0,0.0001692679656530592
Playing football,540.0,0.00017335896291562872
Playing football,545.0,0.0001677917544133257
Playing football,550.0,0.00016042067987809172
Playing football,555.0,0.00016042067987809172
Playing football,560.0,0.00015514046065278256
Playing football,565.0,0.00016293693130706033
Playing football,570.0,0.00016293693130706033
Playing football,575.0,0.00016293693130706033
Playing football,580.0,0.00016293693130706033
Playing football,585.0,0.0001613776787701254
Playing football,590.0,0.00016877425108068918
Playing football,595.0,0.00016877425108068918
Playing football,600.0,0.0001731319311874169
Playing football,605.0,0.00015656539115147262
Playing football,610.0,0.00014041922788381712
Playing football,615.0,0.00014041922788381712
Playing football,620.0,0.00014087058861291118
Playing football,625.0,0.00012086581349253362
Playing football,630.0,0.00012871620882208985
Playing football,635.0,0.00012769718672538656
Playing football,640.0,0.00013336757272100534
Playing football,645.0,0.00013887351881883178
Playing football,650.0,0.00013656280629324266
Playing football,655.0,0.00014108285274429518
Playing football,660.0,0.00014901772058802522
Playing football,665.0,9.144672830102134e-05
Playing football,670.0,0.00010428431280780943
Playing football,675.0,0.00010428431280780943
Playing football,680.0,9.489496786411848e-05
Playing football,685.0,8.673444247107214e-05
Playing football,690.0,9.112272569975414e-05
Playing football,695.0,9.352576005638818e-05
Playing football,700.0,0.00010198780978340473
Playing football,705.0,9.929082838192093e-05
Playing football,710.0,9.189425607135708e-05
Playing football,715.0,8.928602065225974e-05
Playing football,720.0,0.00010122014132835292
Playing football,725.0,0.0001057842141545938
Playing football,730.0,0.0001186055682572624
Playing football,735.0,0.00012056048515759788
Playing football,740.0,0.00012572903523622484
Playing football,745.0,0.00012296756483013758
Playing football,750.0,0.00014344365084384238
Playing football,755.0,0.0001745860397336511
Playing football,760.0,0.00017993628065700947
Playing football,765.0,0.00018203098998590563
Playing football,770.0,0.00018644752900030608
Playing football,775.0,0.00020057355364311348
Playing football,780.0,0.0001873920962241325
Playing football,785.0,0.0001787509241208565
Playing football,790.0,0.00018188249354683124
Playing football,795.0,0.00017929723218754423
Playing football,800.0,0.00020680801024003216
Playing football,805.0,0.00020680801024003216
Playing football,810.0,0.0002380642708237949
Playing football,815.0,0.00022952894208579165
Playing football,820.0,0.0002618278631002851
Playing football,825.0,0.00027731588506041144
Playing football,830.0,0.0002831257844367692
Playing football,835.0,0.0002801603414806412
Playing football,840.0,0.0003600047036202227
Playing football,845.0,0.00035450144006702174
Playing football,850.0,0.000367664073165654
Playing football,855.0,0.0003915489696362545
Playing football,860.0,0.0003949354983878409
Playing football,865.0,0.0004159009316122535
Playing football,870.0,0.0004790057291487915
Playing football,875.0,0.0005060678360368819
Playing football,880.0,0.0005243918999846526
Playing football,885.0,0.000566355128083214
Playing football,890.0,0.0005580307235205454
Playing football,895.0,0.0005896561547198077
Playing football,900.0,0.0006510379820114211
Playing football,905.0,0.0006285932618786742
Playing football,910.0,0.0006435502312638743
Playing football,915.0,0.0006707618533788408
Playing football,920.0,0.0006566229354981588
Playing football,925.0,0.0006649592697939593
Playing football,930.0,0.0007266747013889307
Playing football,935.0,0.0006709501308051747
Playing football,940.0,0.0006982853991854344
Playing football,945.0,0.0007543688322879562
Playing football,950.0,0.0007543688322879562
Playing football,955.0,0.0007543688322879562
Playing football,960.0,0.0008904040433912328
Playing football,965.0,0.0008652276179533793
Playing football,970.0,0.0008600564265730437
Playing football,975.0,0.0008939116622247647
Playing football,980.0,0.0009114618396896076
Playing football,985.0,0.0009114618396896076
Playing football,990.0,0.0009621823553755881
Playing football,995.0,0.0009200205391214319
Playing football,1000.0,0.0009137214443434012
Playing football,1005.0,0.0008935092041876672
Playing football,1010.0,0.0009072676342209117
Playing football,1015.0,0.0009116810949341848
Playing football,1020.0,0.0009666796690817703
Playing football,1025.0,0.0007238600091921724
Playing football,1030.0,0.0007205407063953653
Playing football,1035.0,0.0007256674414211643
Playing football,1040.0,0.0007290263848038117
Playing football,1045.0,0.0007566795465685629
Playing football,1050.0,0.0008010219600876016
Playing football,1055.0,0.0007268094200611863
Playing football,1060.0,0.0007510860005149383
Playing football,1065.0,0.0007087406243221509
Playing football,1070.0,0.0007013504034208116
Playing football,1075.0,0.0007057590992609028
Playing football,1080.0,0.0007453307866140522
Playing football,1085.0,0.0006350191172009889
Playing football,1090.0,0.0006296918310322459
Playing football,1095.0,0.0006486331882494963
Playing football,1100.0,0.0006020981757767157
Playing football,1105.0,0.0005719960727786266
Playing football,1110.0,0.0005899895168307169
Playing football,1115.0,0.0004502887230116006
Playing football,1120.0,0.0004228496190063702
Playing football,1125.0,0.0004222256803621933
Playing football,1130.0,0.0004223181952451904
Playing football,1135.0,0.0004096678842945853
Playing football,1140.0,0.0004148139894512524
Playing football,1145.0,0.00033768810926006513
Playing football,1150.0,0.00033092953065330086
Playing football,1155.0,0.00035628953708999886
Playing football,1160.0,0.00035765714783157987
Playing football,1165.0,0.0003660107953774493
Playing football,1170.0,0.0003783153643219616
Playing football,1175.0,0.0003641974864715333
Playing football,1180.0,0.00035301031977603016
Playing football,1185.0,0.00035739860300471217
Playing football,1190.0,0.0003550490221010917
Playing football,1195.0,0.0003380253499601941
Playing football,1200.0,0.00034384254582283286
Playing football,1205.0,0.00028079009783314583
Playing football,1210.0,0.00028543938817859383
Playing football,1215.0,0.000280518830005125
Playing football,1220.0,0.0002491040123430561
Playing football,1225.0,0.00024478856410587097
Playing football,1230.0,0.00024478856410587097
Playing football,1235.0,0.0002555428916520676
Playing football,1240.0,0.00025325642294162843
Playing football,1245.0,0.00025325642294162843
Playing football,1250.0,0.00025325642294162843
Playing football,1255.0,0.00025325642294162843
Playing football,1260.0,0.00024298956912469527
Playing football,1265.0,0.00017409064824182438
Playing football,1270.0,0.00017409064824182438
Playing football,1275.0,0.00017409064824182438
Playing football,1280.0,0.00015794448497416885
Playing football,1285.0,0.00014855514003047788
Playing football,1290.0,0.00014855514003047788
Playing football,1295.0,9.46464371685122e-05
Playing football,1300.0,8.33265727036885e-05
Playing football,1305.0,8.064909920196574e-05
Playing football,1310.0,8.064909920196574e-05
Playing football,1315.0,8.064909920196574e-05
Playing football,1320.0,8.064909920196574e-05
Playing football,1325.0,3.923068038493639e-05
Playing football,1330.0,3.923068038493639e-05
Playing football,1335.0,3.923068038493639e-05
Playing football,1340.0,4.584849779334387e-05
Playing football,1345.0,4.584849779334387e-05
Playing football,1350.0,4.584849779334387e-05
Playing football,1355.0,4.584849779334387e-05
Playing football,1360.0,4.584849779334387e-05
Playing football,1365.0,4.584849779334387e-05
Playing football,1370.0,4.584849779334387e-05
Playing football,1375.0,4.584849779334387e-05
Playing football,1380.0,4.584849779334387e-05
Playing football,1385.0,3.969990192963643e-05
Playing football,1390.0,3.969990192963643e-05
Playing football,1395.0,3.969990192963643e-05
Playing football,1400.0,3.969990192963643e-05
Playing football,1405.0,3.969990192963643e-05
Playing football,1410.0,3.969990192963643e-05
Playing football,1415.0,6.617817408407484e-06
Playing football,1420.0,6.617817408407484e-06
Playing football,1425.0,6.617817408407484e-06
Playing football,1430.0,6.617817408407484e-06
Playing football,1435.0,6.617817408407484e-06
Rollerblading,0.0,2.5623259098670696e-05
Rollerblading,5.0,1.2811629549335348e-05
Rollerblading,10.0,1.2811629549335348e-05
Rollerblading,15.0,1.2811629549335348e-05
Rollerblading,20.0,1.2811629549335348e-05
Rollerblading,25.0,0.0
Rollerblading,30.0,0.0
Rollerblading,35.0,0.0
Rollerblading,40.0,0.0
Rollerblading,45.0,0.0
Rollerblading,50.0,0.0
Rollerblading,55.0,0.0
Rollerblading,60.0,3.875126569716477e-06
Rollerblading,65.0,3.875126569716477e-06
Rollerblading,70.0,3.875126569716477e-06
Rollerblading,75.0,3.875126569716477e-06
Rollerblading,80.0,3.875126569716477e-06
Rollerblading,85.0,3.875126569716477e-06
Rollerblading,90.0,3.875126569716477e-06
Rollerblading,95.0,3.875126569716477e-06
Rollerblading,100.0,3.875126569716477e-06
Rollerblading,105.0,3.875126569716477e-06
Rollerblading,110.0,0.0
Rollerblading,115.0,0.0
Rollerblading,120.0,0.0
Rollerblading,125.0,0.0
Rollerblading,130.0,0.0
Rollerblading,135.0,0.0
Rollerblading,140.0,8.126152492972566e-06
Rollerblading,145.0,8.126152492972566e-06
Rollerblading,150.0,8.126152492972566e-06
Rollerblading,155.0,8.126152492972566e-06
Rollerblading,160.0,8.126152492972566e-06
Rollerblading,165.0,8.126152492972566e-06
Rollerblading,170.0,8.126152492972566e-06
Rollerblading,175.0,8.126152492972566e-06
Rollerblading,180.0,2.6553838831057652e-05
Rollerblading,185.0,2.6553838831057652e-05
Rollerblading,190.0,2.6553838831057652e-05
Rollerblading,195.0,2.6553838831057652e-05
Rollerblading,200.0,2.6553838831057652e-05
Rollerblading,205.0,2.6553838831057652e-05
Rollerblading,210.0,2.6553838831057652e-05
Rollerblading,215.0,2.6553838831057652e-05
Rollerblading,220.0,2.6553838831057652e-05
Rollerblading,225.0,2.6553838831057652e-05
Rollerblading,230.0,2.6553838831057652e-05
Rollerblading,235.0,2.6553838831057652e-05
Rollerblading,240.0,3.0502498011825206e-05
Rollerblading,245.0,3.0502498011825206e-05
Rollerblading,250.0,3.0502498011825206e-05
Rollerblading,255.0,3.0502498011825206e-05
Rollerblading,260.0,3.0502498011825206e-05
Rollerblading,265.0,2.2376345518852638e-05
Rollerblading,270.0,2.2376345518852638e-05
Rollerblading,275.0,3.948659180767549e-06
Rollerblading,280.0,3.948659180767549e-06
Rollerblading,285.0,3.948659180767549e-06
Rollerblading,290.0,3.948659180767549e-06
Rollerblading,295.0,3.948659180767549e-06
Rollerblading,300.0,3.948659180767549e-06
Rollerblading,305.0,3.948659180767549e-06
Rollerblading,310.0,3.948659180767549e-06
Rollerblading,315.0,3.948659180767549e-06
Rollerblading,320.0,3.948659180767549e-06
Rollerblading,325.0,3.948659180767549e-06
Rollerblading,330.0,3.948659180767549e-06
Rollerblading,335.0,3.948659180767549e-06
Rollerblading,340.0,3.948659180767549e-06
Rollerblading,345.0,1.190500054413466e-05
Rollerblading,350.0,1.190500054413466e-05
Rollerblading,355.0,1.190500054413466e-05
Rollerblading,360.0,1.5391361725212052e-05
Rollerblading,365.0,1.1442702544444501e-05
Rollerblading,370.0,1.1442702544444501e-05
Rollerblading,375.0,1.1442702544444501e-05
Rollerblading,380.0,1.1442702544444501e-05
Rollerblading,385.0,1.272630585155452e-05
Rollerblading,390.0,1.6659663910099342e-05
Rollerblading,395.0,1.6659663910099342e-05
Rollerblading,400.0,1.6659663910099342e-05
Rollerblading,405.0,1.6659663910099342e-05
Rollerblading,410.0,1.6659663910099342e-05
Rollerblading,415.0,1.6659663910099342e-05
Rollerblading,420.0,1.929550400333115e-05
Rollerblading,425.0,1.5809142822253766e-05
Rollerblading,430.0,1.5809142822253766e-05
Rollerblading,435.0,2.03263268393618e-05
Rollerblading,440.0,2.03263268393618e-05
Rollerblading,445.0,2.2209676748522266e-05
Rollerblading,450.0,2.03263268393618e-05
Rollerblading,455.0,2.03263268393618e-05
Rollerblading,460.0,1.7690486746129996e-05
Rollerblading,465.0,1.7690486746129996e-05
Rollerblading,470.0,9.734145382762883e-06
Rollerblading,475.0,9.734145382762883e-06
Rollerblading,480.0,1.7555274036378737e-05
Rollerblading,485.0,2.2545652080855975e-05
Rollerblading,490.0,2.2545652080855975e-05
Rollerblading,495.0,2.2545652080855975e-05
Rollerblading,500.0,2.1262048773745958e-05
Rollerblading,505.0,2.1262048773745958e-05
Rollerblading,510.0,2.1262048773745958e-05
Rollerblading,515.0,1.966589786620004e-05
Rollerblading,520.0,1.966589786620004e-05
Rollerblading,525.0,1.966589786620004e-05
Rollerblading,530.0,2.1464976210718697e-05
Rollerblading,535.0,2.1464976210718697e-05
Rollerblading,540.0,2.539833426926352e-05
Rollerblading,545.0,2.1689812411729668e-05
Rollerblading,550.0,3.145118338479377e-05
Rollerblading,555.0,4.501857183875328e-05
Rollerblading,560.0,4.9073210398668895e-05
Rollerblading,565.0,4.9073210398668895e-05
Rollerblading,570.0,5.5557801777414145e-05
Rollerblading,575.0,5.5557801777414145e-05
Rollerblading,580.0,5.5557801777414145e-05
Rollerblading,585.0,6.687132536311979e-05
Rollerblading,590.0,6.687132536311979e-05
Rollerblading,595.0,6.687132536311979e-05
Rollerblading,600.0,6.0423668332849316e-05
Rollerblading,605.0,5.849813306211661e-05
Rollerblading,610.0,5.849813306211661e-05
Rollerblading,615.0,5.398094904500857e-05
Rollerblading,620.0,6.125132417198483e-05
Rollerblading,625.0,6.125132417198483e-05
Rollerblading,630.0,6.576850818909287e-05
Rollerblading,635.0,6.0902641633657705e-05
Rollerblading,640.0,6.357872603883415e-05
Rollerblading,645.0,6.096856010021565e-05
Rollerblading,650.0,7.40468145781235e-05
Rollerblading,655.0,7.567909340348967e-05
Rollerblading,660.0,8.813377164838533e-05
Rollerblading,665.0,8.645610981911283e-05
Rollerblading,670.0,8.645610981911283e-05
Rollerblading,675.0,9.70491845797447e-05
Rollerblading,680.0,9.70491845797447e-05
Rollerblading,685.0,0.00011129574120885406
Rollerblading,690.0,0.0001129848334687094
Rollerblading,695.0,0.00010586721596389604
Rollerblading,700.0,0.00010071954269887237
Rollerblading,705.0,0.00011278727638604091
Rollerblading,710.0,0.00011278727638604091
Rollerblading,715.0,0.00010483093502267379
Rollerblading,720.0,0.00011758579764549023
Rollerblading,725.0,0.00011126275652781775
Rollerblading,730.0,0.00011126275652781775
Rollerblading,735.0,0.00011126275652781775
Rollerblading,740.0,0.00013144546061238715
Rollerblading,745.0,0.00012831666060441634
Rollerblading,750.0,0.00013459640104673872
Rollerblading,755.0,0.00012049162791382344
Rollerblading,760.0,0.00012177700027882192
Rollerblading,765.0,0.00011161519304910461
Rollerblading,770.0,0.00011660360810623242
Rollerblading,775.0,0.00012180288064802046
Rollerblading,780.0,0.00014409394809955368
Rollerblading,785.0,0.0001322701469614956
Rollerblading,790.0,0.00012691315185233993
Rollerblading,795.0,0.00015870711214074389
Rollerblading,800.0,0.00014612133143765922
Rollerblading,805.0,0.00014317897047493296
Rollerblading,810.0,0.0001635943793825797
Rollerblading,815.0,0.00016073266236281324
Rollerblading,820.0,0.0001591048658527716
Rollerblading,825.0,0.0001591048658527716
Rollerblading,830.0,0.00016047609719596354
Rollerblading,835.0,0.0001609718660166058
Rollerblading,840.0,0.00015963093944235124
Rollerblading,845.0,0.00012356007198398376
Rollerblading,850.0,0.0001590726349518574
Rollerblading,855.0,0.00019179935294967167
Rollerblading,860.0,0.00020838427065394835
Rollerblading,865.0,0.0002127372613532574
Rollerblading,870.0,0.0002280086790231126
Rollerblading,875.0,0.00023781310145900683
Rollerblading,880.0,0.00024372999549227906
Rollerblading,885.0,0.00024646364535704904
Rollerblading,890.0,0.00026034448524558387
Rollerblading,895.0,0.00026622226783086685
Rollerblading,900.0,0.00028950858039867395
Rollerblading,905.0,0.0002893573057665069
Rollerblading,910.0,0.00029672793277221563
Rollerblading,915.0,0.0003123065619110485
Rollerblading,920.0,0.00031002223607727776
Rollerblading,925.0,0.0002832876172556991
Rollerblading,930.0,0.00031842234859549433
Rollerblading,935.0,0.00028506072397009645
Rollerblading,940.0,0.0002771645191673215
Rollerblading,945.0,0.00029120466113919584
Rollerblading,950.0,0.00026822258967283046
Rollerblading,955.0,0.00028029736273618017
Rollerblading,960.0,0.00027711044268300793
Rollerblading,965.0,0.00027536478532367453
Rollerblading,970.0,0.0002861561033789137
Rollerblading,975.0,0.0002666341283755408
Rollerblading,980.0,0.00025849196836570253
Rollerblading,985.0,0.00024495304015702886
Rollerblading,990.0,0.00024495304015702886
Rollerblading,995.0,0.00022710171129948682
Rollerblading,1000.0,0.0002209171779373846
Rollerblading,1005.0,0.0002244066586625064
Rollerblading,1010.0,0.00022817907720615424
Rollerblading,1015.0,0.00022151992474227266
Rollerblading,1020.0,0.00021312868120623805
Rollerblading,1025.0,0.00017700250875113448
Rollerblading,1030.0,0.00017450624083173617
Rollerblading,1035.0,0.000193315585614096
Rollerblading,1040.0,0.00018353864851112944
Rollerblading,1045.0,0.00018353864851112944
Rollerblading,1050.0,0.00020153737604414548
Rollerblading,1055.0,0.000206673897926408
Rollerblading,1060.0,0.0002207889949512169
Rollerblading,1065.0,0.0002272173590714003
Rollerblading,1070.0,0.0002125104490022639
Rollerblading,1075.0,0.00022244298422361601
Rollerblading,1080.0,0.00022244298422361601
Rollerblading,1085.0,0.00018533364029682544
Rollerblading,1090.0,0.0001803583861177785
Rollerblading,1095.0,0.00017771417371238707
Rollerblading,1100.0,0.00017806517726168397
Rollerblading,1105.0,0.00016771724259012302
Rollerblading,1110.0,0.00016771724259012302
Rollerblading,1115.0,0.00016182927212682173
Rollerblading,1120.0,0.0001564776298217928
Rollerblading,1125.0,0.00016039151332591377
Rollerblading,1130.0,0.00014932701008576565
Rollerblading,1135.0,0.00015856643000593658
Rollerblading,1140.0,0.00023381393646528184
Rollerblading,1145.0,0.00020856395033609312
Rollerblading,1150.0,0.00020388867607539957
Rollerblading,1155.0,0.00019239777109103897
Rollerblading,1160.0,0.00018779358557918446
Rollerblading,1165.0,0.0001724371802974469
Rollerblading,1170.0,0.00017829522332062626
Rollerblading,1175.0,0.00015700168777349062
Rollerblading,1180.0,0.00015708654814658638
Rollerblading,1185.0,0.0001680341372817661
Rollerblading,1190.0,0.0001680341372817661
Rollerblading,1195.0,0.0001680341372817661
Rollerblading,1200.0,0.00017633445510337311
Rollerblading,1205.0,0.00014633194936239708
Rollerblading,1210.0,0.00014633194936239708
Rollerblading,1215.0,0.00015914357891173245
Rollerblading,1220.0,0.00015914357891173245
Rollerblading,1225.0,0.00015453679421859536
Rollerblading,1230.0,0.00015453679421859536
Rollerblading,1235.0,0.0001334391581398667
Rollerblading,1240.0,0.0001334391581398667
Rollerblading,1245.0,0.00013546993655980281
Rollerblading,1250.0,0.00012640663003796496
Rollerblading,1255.0,0.00012640663003796496
Rollerblading,1260.0,0.00013921825958730029
Rollerblading,1265.0,0.0001346298481749512
Rollerblading,1270.0,0.00014998625345668878
Rollerblading,1275.0,0.00014611112688697232
Rollerblading,1280.0,0.00014908072835765062
Rollerblading,1285.0,0.00013360290919319352
Rollerblading,1290.0,0.00012690702157535142
Rollerblading,1295.0,0.00012690702157535142
Rollerblading,1300.0,0.00012893779999528755
Rollerblading,1305.0,0.00012690702157535142
Rollerblading,1310.0,0.00012690702157535142
Rollerblading,1315.0,0.00012893779999528755
Rollerblading,1320.0,0.00012690702157535142
Rollerblading,1325.0,5.968809915238071e-05
Rollerblading,1330.0,3.0491530905927422e-05
Rollerblading,1335.0,3.0491530905927422e-05
Rollerblading,1340.0,3.0491530905927422e-05
Rollerblading,1345.0,3.0491530905927422e-05
Rollerblading,1350.0,3.0491530905927422e-05
Rollerblading,1355.0,2.707034845142784e-05
Rollerblading,1360.0,2.707034845142784e-05
Rollerblading,1365.0,2.707034845142784e-05
Rollerblading,1370.0,2.707034845142784e-05
Rollerblading,1375.0,2.707034845142784e-05
Rollerblading,1380.0,2.707034845142784e-05
Rollerblading,1385.0,5.514377203080553e-06
Rollerblading,1390.0,5.514377203080553e-06
Rollerblading,1395.0,5.514377203080553e-06
Rollerblading,1400.0,5.514377203080553e-06
Rollerblading,1405.0,5.514377203080553e-06
Rollerblading,1410.0,1.83260067524159e-05
Rollerblading,1415.0,1.83260067524159e-05
Rollerblading,1420.0,1.83260067524159e-05
Rollerblading,1425.0,1.83260067524159e-05
Rollerblading,1430.0,1.83260067524159e-05
Rollerblading,1435.0,1.2811629549335348e-05
Playing baseball,0.0,0.0
Playing baseball,5.0,0.0
Playing baseball,10.0,0.0
Playing baseball,15.0,0.0
Playing baseball,20.0,0.0
Playing baseball,25.0,0.0
Playing baseball,30.0,0.0
Playing baseball,35.0,0.0
Playing baseball,40.0,0.0
Playing baseball,45.0,0.0
Playing baseball,50.0,0.0
Playing baseball,55.0,0.0
Playing baseball,60.0,0.0
Playing baseball,65.0,0.0
Playing baseball,70.0,0.0
Playing baseball,75.0,0.0
Playing baseball,80.0,0.0
Playing baseball,85.0,0.0
Playing baseball,90.0,0.0
Playing baseball,95.0,0.0
Playing baseball,100.0,0.0
Playing baseball,105.0,0.0
Playing baseball,110.0,0.0
Playing baseball,115.0,0.0
Playing baseball,120.0,0.0
Playing baseball,125.0,0.0
Playing baseball,130.0,0.0
Playing baseball,135.0,0.0
Playing baseball,140.0,0.0
Playing baseball,145.0,0.0
Playing baseball,150.0,0.0
Playing baseball,155.0,0.0
Playing baseball,160.0,0.0
Playing baseball,165.0,0.0
Playing baseball,170.0,0.0
Playing baseball,175.0,0.0
Playing baseball,180.0,0.0
Playing baseball,185.0,0.0
Playing baseball,190.0,0.0
Playing baseball,195.0,0.0
Playing baseball,200.0,0.0
Playing baseball,205.0,0.0
Playing baseball,210.0,0.0
Playing baseball,215.0,0.0
Playing baseball,220.0,0.0
Playing baseball,225.0,0.0
Playing baseball,230.0,0.0
Playing baseball,235.0,0.0
Playing baseball,240.0,0.0
Playing baseball,245.0,0.0
Playing baseball,250.0,0.0
Playing baseball,255.0,0.0
Playing baseball,260.0,0.0
Playing baseball,265.0,0.0
Playing baseball,270.0,0.0
Playing baseball,275.0,0.0
Playing baseball,280.0,0.0
Playing baseball,285.0,0.0
Playing baseball,290.0,0.0
Playing baseball,295.0,0.0
Playing baseball,300.0,0.0
Playing baseball,305.0,0.0
Playing baseball,310.0,0.0
Playing baseball,315.0,0.0
Playing baseball,320.0,0.0
Playing baseball,325.0,0.0
Playing baseball,330.0,6.252255986903538e-06
Playing baseball,335.0,6.252255986903538e-06
Playing baseball,340.0,6.252255986903538e-06
Playing baseball,345.0,0.0
Playing baseball,350.0,0.0
Playing baseball,355.0,0.0
Playing baseball,360.0,0.0
Playing baseball,365.0,0.0
Playing baseball,370.0,0.0
Playing baseball,375.0,0.0
Playing baseball,380.0,0.0
Playing baseball,385.0,0.0
Playing baseball,390.0,0.0
Playing baseball,395.0,0.0
Playing baseball,400.0,0.0
Playing baseball,405.0,0.0
Playing baseball,410.0,2.079696029583889e-05
Playing baseball,415.0,2.079696029583889e-05
Playing baseball,420.0,2.079696029583889e-05
Playing baseball,425.0,2.079696029583889e-05
Playing baseball,430.0,2.079696029583889e-05
Playing baseball,435.0,2.079696029583889e-05
Playing baseball,440.0,8.361029150511178e-06
Playing baseball,445.0,8.361029150511178e-06
Playing baseball,450.0,8.361029150511178e-06
Playing baseball,455.0,8.361029150511178e-06
Playing baseball,460.0,1.4613285137414716e-05
Playing baseball,465.0,1.971695396497189e-05
Playing baseball,470.0,1.971695396497189e-05
Playing baseball,475.0,1.971695396497189e-05
Playing baseball,480.0,1.971695396497189e-05
Playing baseball,485.0,1.971695396497189e-05
Playing baseball,490.0,1.971695396497189e-05
Playing baseball,495.0,2.6351037755362658e-05
Playing baseball,500.0,1.971695396497189e-05
Playing baseball,505.0,2.1880778525251252e-05
Playing baseball,510.0,2.1880778525251252e-05
Playing baseball,515.0,2.7949460533381395e-05
Playing baseball,520.0,3.1699077886466925e-05
Playing baseball,525.0,4.274931458735388e-05
Playing baseball,530.0,3.764564575979671e-05
Playing baseball,535.0,5.2975494112994485e-05
Playing baseball,540.0,5.8486571882711646e-05
Playing baseball,545.0,9.287285484430559e-05
Playing baseball,550.0,9.287285484430559e-05
Playing baseball,555.0,9.287285484430559e-05
Playing baseball,560.0,9.522268408293725e-05
Playing baseball,565.0,9.522268408293725e-05
Playing baseball,570.0,9.522268408293725e-05
Playing baseball,575.0,9.522268408293725e-05
Playing baseball,580.0,9.656767527829263e-05
Playing baseball,585.0,0.0001030913184344238
Playing baseball,590.0,0.0001030913184344238
Playing baseball,595.0,0.0001030913184344238
Playing baseball,600.0,0.00010641309185746368
Playing baseball,605.0,0.00010641309185746368
Playing baseball,610.0,0.00010641309185746368
Playing baseball,615.0,0.00010641309185746368
Playing baseball,620.0,0.00010641309185746368
Playing baseball,625.0,0.0001108714898001355
Playing baseball,630.0,0.00012438512644806455
Playing baseball,635.0,0.00012438512644806455
Playing baseball,640.0,0.00013965378084247794
Playing baseball,645.0,0.0001359041634893924
Playing baseball,650.0,0.00013427164422659496
Playing baseball,655.0,0.00013427164422659496
Playing baseball,660.0,0.00013705434771488806
Playing baseball,665.0,0.0001244924747410549
Playing baseball,670.0,0.00012453064198949656
Playing baseball,675.0,0.00012218081275086493
Playing baseball,680.0,0.00011381978360035376
Playing baseball,685.0,0.0001117900450284324
Playing baseball,690.0,0.00010998795331844304
Playing baseball,695.0,0.00010711472338225968
Playing baseball,700.0,0.00011361152792950268
Playing baseball,705.0,0.00013226328703587904
Playing baseball,710.0,0.00013866497839635134
Playing baseball,715.0,0.00013981897627541012
Playing baseball,720.0,0.00014313424428641824
Playing baseball,725.0,0.00014533815871708056
Playing baseball,730.0,0.00014873302292545384
Playing baseball,735.0,0.00014114970531904872
Playing baseball,740.0,0.00016430957236825716
Playing baseball,745.0,0.00017143363078820018
Playing baseball,750.0,0.0001559213623803973
Playing baseball,755.0,0.00014572177093486152
Playing baseball,760.0,0.00014538734089565358
Playing baseball,765.0,0.00017136160354362114
Playing baseball,770.0,0.00016483796038749
Playing baseball,775.0,0.0001705811559268483
Playing baseball,780.0,0.0001748294536750175
Playing baseball,785.0,0.00016095096200022745
Playing baseball,790.0,0.00016349740850952433
Playing baseball,795.0,0.00016133512309980858
Playing baseball,800.0,0.0001685893432884285
Playing baseball,805.0,0.00017351364666976836
Playing baseball,810.0,0.00017351364666976836
Playing baseball,815.0,0.0001696561080103983
Playing baseball,820.0,0.00016557184475092198
Playing baseball,825.0,0.00015982352719227057
Playing baseball,830.0,0.00015518366831219216
Playing baseball,835.0,0.00015722519446080777
Playing baseball,840.0,0.00014478213794342931
Playing baseball,845.0,0.00015548499608417478
Playing baseball,850.0,0.00017210303360585413
Playing baseball,855.0,0.00018287304399063333
Playing baseball,860.0,0.0002310764395138607
Playing baseball,865.0,0.0002722622509112976
Playing baseball,870.0,0.0002781510418453953
Playing baseball,875.0,0.0002722027426470587
Playing baseball,880.0,0.00027518280490101493
Playing baseball,885.0,0.0003336912925678358
Playing baseball,890.0,0.0003526072739834897
Playing baseball,895.0,0.00034516170596498837
Playing baseball,900.0,0.0003725738344699464
Playing baseball,905.0,0.00036105336708915526
Playing baseball,910.0,0.0003605847317203825
Playing baseball,915.0,0.00036720935596511975
Playing baseball,920.0,0.000387253412770208
Playing baseball,925.0,0.000382699454988749
Playing baseball,930.0,0.000402439813870388
Playing baseball,935.0,0.0003795760762305971
Playing baseball,940.0,0.0003668702505586352
Playing baseball,945.0,0.00037245513208964526
Playing baseball,950.0,0.0003796776487601837
Playing baseball,955.0,0.00039117301499965584
Playing baseball,960.0,0.00043376333287675815
Playing baseball,965.0,0.0004172948702525584
Playing baseball,970.0,0.0004261402886886436
Playing baseball,975.0,0.0004450199482570163
Playing baseball,980.0,0.0004533787265972676
Playing baseball,985.0,0.0004557937652752876
Playing baseball,990.0,0.00046685037707813867
Playing baseball,995.0,0.00041564687173323696
Playing baseball,1000.0,0.00042903816960409414
Playing baseball,1005.0,0.0004157973004468503
Playing baseball,1010.0,0.0004184595570672021
Playing baseball,1015.0,0.00042408743741051
Playing baseball,1020.0,0.0004542345302885301
Playing baseball,1025.0,0.00041552516739508036
Playing baseball,1030.0,0.0004262582723891776
Playing baseball,1035.0,0.0004256586530259138
Playing baseball,1040.0,0.0004137550468433787
Playing baseball,1045.0,0.000404859082141177
Playing baseball,1050.0,0.00041772787349602416
Playing baseball,1055.0,0.0004066241552618398
Playing baseball,1060.0,0.0004028785112689323
Playing baseball,1065.0,0.0004162969408366412
Playing baseball,1070.0,0.000399470784535495
Playing baseball,1075.0,0.00036024613790157107
Playing baseball,1080.0,0.0003675028949683435
Playing baseball,1085.0,0.00030809018618067007
Playing baseball,1090.0,0.0003081730414459905
Playing baseball,1095.0,0.0003052661256991811
Playing baseball,1100.0,0.0002836603014167272
Playing baseball,1105.0,0.0002944653805661166
Playing baseball,1110.0,0.00028114803036800764
Playing baseball,1115.0,0.0002232114082138076
Playing baseball,1120.0,0.00026150299001021556
Playing baseball,1125.0,0.00026041310380694484
Playing baseball,1130.0,0.0002537950643887924
Playing baseball,1135.0,0.0002669576974874246
Playing baseball,1140.0,0.00029517829158996924
Playing baseball,1145.0,0.00025336467436675104
Playing baseball,1150.0,0.00026075497073385347
Playing baseball,1155.0,0.00026075497073385347
Playing baseball,1160.0,0.0002812009274803955
Playing baseball,1165.0,0.0002676872908324664
Playing baseball,1170.0,0.0002604591098421512
Playing baseball,1175.0,0.00022884099443436505
Playing baseball,1180.0,0.00020869733159707506
Playing baseball,1185.0,0.00022264972268162518
Playing baseball,1190.0,0.00017442446577983878
Playing baseball,1195.0,0.00015397850903329675
Playing baseball,1200.0,0.0001906137261407858
Playing baseball,1205.0,0.00017030102174917224
Playing baseball,1210.0,0.00017159627135404792
Playing baseball,1215.0,0.00017159627135404792
Playing baseball,1220.0,0.00015956560627421174
Playing baseball,1225.0,0.0001596223319578136
Playing baseball,1230.0,0.0001596223319578136
Playing baseball,1235.0,0.000149401268308904
Playing baseball,1240.0,0.00015132299431361797
Playing baseball,1245.0,0.00013818978935255878
Playing baseball,1250.0,0.00013818978935255878
Playing baseball,1255.0,0.0001317800793160028
Playing baseball,1260.0,0.0001317800793160028
Playing baseball,1265.0,0.0001038254546429024
Playing baseball,1270.0,0.0001038254546429024
Playing baseball,1275.0,0.0001038254546429024
Playing baseball,1280.0,0.00011031279262442087
Playing baseball,1285.0,0.00010397678192560189
Playing baseball,1290.0,0.00010397678192560189
Playing baseball,1295.0,9.081414882696968e-05
Playing baseball,1300.0,9.081414882696968e-05
Playing baseball,1305.0,8.212860285499156e-05
Playing baseball,1310.0,7.265150702397639e-05
Playing baseball,1315.0,7.265150702397639e-05
Playing baseball,1320.0,7.265150702397639e-05
Playing baseball,1325.0,3.298810595343133e-05
Playing baseball,1330.0,3.298810595343133e-05
Playing baseball,1335.0,3.298810595343133e-05
Playing baseball,1340.0,3.298810595343133e-05
Playing baseball,1345.0,3.298810595343133e-05
Playing baseball,1350.0,3.298810595343133e-05
Playing baseball,1355.0,2.6500767971912846e-05
Playing baseball,1360.0,2.6500767971912846e-05
Playing baseball,1365.0,2.6500767971912846e-05
Playing baseball,1370.0,2.6500767971912846e-05
Playing baseball,1375.0,2.6500767971912846e-05
Playing baseball,1380.0,2.6500767971912846e-05
Playing baseball,1385.0,0.0
Playing baseball,1390.0,0.0
Playing baseball,1395.0,0.0
Playing baseball,1400.0,0.0
Playing baseball,1405.0,0.0
Playing baseball,1410.0,0.0
Playing baseball,1415.0,0.0
Playing baseball,1420.0,0.0
Playing baseball,1425.0,0.0
Playing baseball,1430.0,0.0
Playing baseball,1435.0,0.0
Wrestling,0.0,0.0
Wrestling,5.0,0.0
Wrestling,10.0,0.0
Wrestling,15.0,0.0
Wrestling,20.0,0.0
Wrestling,25.0,0.0
Wrestling,30.0,0.0
Wrestling,35.0,0.0
Wrestling,40.0,0.0
Wrestling,45.0,0.0
Wrestling,50.0,0.0
Wrestling,55.0,0.0
Wrestling,60.0,0.0
Wrestling,65.0,0.0
Wrestling,70.0,0.0
Wrestling,75.0,0.0
Wrestling,80.0,0.0
Wrestling,85.0,0.0
Wrestling,90.0,0.0
Wrestling,95.0,0.0
Wrestling,100.0,0.0
Wrestling,105.0,0.0
Wrestling,110.0,0.0
Wrestling,115.0,0.0
Wrestling,120.0,0.0
Wrestling,125.0,0.0
Wrestling,130.0,0.0
Wrestling,135.0,0.0
Wrestling,140.0,0.0
Wrestling,145.0,0.0
Wrestling,150.0,0.0
Wrestling,155.0,0.0
Wrestling,160.0,0.0
Wrestling,165.0,0.0
Wrestling,170.0,0.0
Wrestling,175.0,0.0
Wrestling,180.0,0.0
Wrestling,185.0,0.0
Wrestling,190.0,0.0
Wrestling,195.0,0.0
Wrestling,200.0,0.0
Wrestling,205.0,0.0
Wrestling,210.0,0.0
Wrestling,215.0,0.0
Wrestling,220.0,0.0
Wrestling,225.0,0.0
Wrestling,230.0,0.0
Wrestling,235.0,0.0
Wrestling,240.0,0.0
Wrestling,245.0,0.0
Wrestling,250.0,0.0
Wrestling,255.0,0.0
Wrestling,260.0,0.0
Wrestling,265.0,0.0
Wrestling,270.0,0.0
Wrestling,275.0,0.0
Wrestling,280.0,0.0
Wrestling,285.0,0.0
Wrestling,290.0,0.0
Wrestling,295.0,0.0
Wrestling,300.0,0.0
Wrestling,305.0,0.0
Wrestling,310.0,0.0
Wrestling,315.0,0.0
Wrestling,320.0,0.0
Wrestling,325.0,0.0
Wrestling,330.0,0.0
Wrestling,335.0,0.0
Wrestling,340.0,0.0
Wrestling,345.0,0.0
Wrestling,350.0,0.0
Wrestling,355.0,0.0
Wrestling,360.0,0.0
Wrestling,365.0,0.0
Wrestling,370.0,0.0
Wrestling,375.0,0.0
Wrestling,380.0,0.0
Wrestling,385.0,0.0
Wrestling,390.0,0.0
Wrestling,395.0,7.544179833149642e-06
Wrestling,400.0,7.544179833149642e-06
Wrestling,405.0,7.544179833149642e-06
Wrestling,410.0,7.544179833149642e-06
Wrestling,415.0,7.544179833149642e-06
Wrestling,420.0,7.544179833149642e-06
Wrestling,425.0,7.544179833149642e-06
Wrestling,430.0,7.544179833149642e-06
Wrestling,435.0,7.544179833149642e-06
Wrestling,440.0,7.544179833149642e-06
Wrestling,445.0,0.0
Wrestling,450.0,0.0
Wrestling,455.0,4.666557965055682e-06
Wrestling,460.0,1.861894904960582e-05
Wrestling,465.0,1.861894904960582e-05
Wrestling,470.0,1.861894904960582e-05
Wrestling,475.0,1.861894904960582e-05
Wrestling,480.0,1.861894904960582e-05
Wrestling,485.0,1.861894904960582e-05
Wrestling,490.0,1.3952391084550137e-05
Wrestling,495.0,1.3952391084550137e-05
Wrestling,500.0,1.3952391084550137e-05
Wrestling,505.0,1.3952391084550137e-05
Wrestling,510.0,1.3952391084550137e-05
Wrestling,515.0,2.3868241352186398e-05
Wrestling,520.0,2.8935076744789234e-05
Wrestling,525.0,2.8935076744789234e-05
Wrestling,530.0,2.8935076744789234e-05
Wrestling,535.0,2.8935076744789234e-05
Wrestling,540.0,2.8935076744789234e-05
Wrestling,545.0,2.8935076744789234e-05
Wrestling,550.0,3.150594783606394e-05
Wrestling,555.0,3.150594783606394e-05
Wrestling,560.0,3.150594783606394e-05
Wrestling,565.0,3.150594783606394e-05
Wrestling,570.0,3.463202405649219e-05
Wrestling,575.0,3.463202405649219e-05
Wrestling,580.0,3.463202405649219e-05
Wrestling,585.0,2.0679632971942045e-05
Wrestling,590.0,2.0679632971942045e-05
Wrestling,595.0,2.0679632971942045e-05
Wrestling,600.0,2.3805709192370292e-05
Wrestling,605.0,2.0679632971942045e-05
Wrestling,610.0,2.0679632971942045e-05
Wrestling,615.0,2.0679632971942045e-05
Wrestling,620.0,2.0679632971942045e-05
Wrestling,625.0,2.4204971342151106e-05
Wrestling,630.0,2.8871529307206787e-05
Wrestling,635.0,1.5430340669361464e-05
Wrestling,640.0,1.0763782704305782e-05
Wrestling,645.0,1.0763782704305782e-05
Wrestling,650.0,1.0763782704305782e-05
Wrestling,655.0,1.0763782704305782e-05
Wrestling,660.0,1.9802124098699898e-05
Wrestling,665.0,1.4735288706097065e-05
Wrestling,670.0,1.4735288706097065e-05
Wrestling,675.0,1.4735288706097065e-05
Wrestling,680.0,1.4735288706097065e-05
Wrestling,685.0,1.4735288706097065e-05
Wrestling,690.0,2.2022372479528727e-05
Wrestling,695.0,2.2022372479528727e-05
Wrestling,700.0,1.7355814514473042e-05
Wrestling,705.0,1.7355814514473042e-05
Wrestling,710.0,1.7355814514473042e-05
Wrestling,715.0,1.7355814514473042e-05
Wrestling,720.0,1.7355814514473042e-05
Wrestling,725.0,1.4735288706097065e-05
Wrestling,730.0,1.4735288706097065e-05
Wrestling,735.0,1.4735288706097065e-05
Wrestling,740.0,1.4735288706097065e-05
Wrestling,745.0,1.4735288706097065e-05
Wrestling,750.0,1.4735288706097065e-05
Wrestling,755.0,1.4735288706097065e-05
Wrestling,760.0,1.9401846671152743e-05
Wrestling,765.0,1.4735288706097065e-05
Wrestling,770.0,1.4735288706097065e-05
Wrestling,775.0,1.4735288706097065e-05
Wrestling,780.0,1.4735288706097065e-05
Wrestling,785.0,1.4735288706097065e-05
Wrestling,790.0,1.4735288706097065e-05
Wrestling,795.0,1.4735288706097065e-05
Wrestling,800.0,1.4735288706097065e-05
Wrestling,805.0,1.4735288706097065e-05
Wrestling,810.0,1.4735288706097065e-05
Wrestling,815.0,1.4735288706097065e-05
Wrestling,820.0,1.4735288706097065e-05
Wrestling,825.0,1.4735288706097065e-05
Wrestling,830.0,1.4735288706097065e-05
Wrestling,835.0,1.4735288706097065e-05
Wrestling,840.0,1.4735288706097065e-05
Wrestling,845.0,1.4735288706097065e-05
Wrestling,850.0,1.4735288706097065e-05
Wrestling,855.0,2.4387886311760684e-05
Wrestling,860.0,2.4387886311760684e-05
Wrestling,865.0,2.5265395185002828e-05
Wrestling,870.0,3.4148953666754635e-05
Wrestling,875.0,3.4148953666754635e-05
Wrestling,880.0,3.4148953666754635e-05
Wrestling,885.0,4.065212278585529e-05
Wrestling,890.0,4.065212278585529e-05
Wrestling,895.0,4.065212278585529e-05
Wrestling,900.0,7.301044676352284e-05
Wrestling,905.0,6.397210536912872e-05
Wrestling,910.0,7.397570652408922e-05
Wrestling,915.0,7.397570652408922e-05
Wrestling,920.0,7.397570652408922e-05
Wrestling,925.0,7.397570652408922e-05
Wrestling,930.0,7.397570652408922e-05
Wrestling,935.0,6.151508052405072e-05
Wrestling,940.0,6.151508052405072e-05
Wrestling,945.0,7.432671007338607e-05
Wrestling,950.0,7.432671007338607e-05
Wrestling,955.0,7.432671007338607e-05
Wrestling,960.0,7.432671007338607e-05
Wrestling,965.0,7.432671007338607e-05
Wrestling,970.0,7.432671007338607e-05
Wrestling,975.0,7.175583898211137e-05
Wrestling,980.0,7.175583898211137e-05
Wrestling,985.0,7.175583898211137e-05
Wrestling,990.0,7.175583898211137e-05
Wrestling,995.0,6.308692268079007e-05
Wrestling,1000.0,6.308692268079007e-05
Wrestling,1005.0,6.308692268079007e-05
Wrestling,1010.0,6.308692268079007e-05
Wrestling,1015.0,6.308692268079007e-05
Wrestling,1020.0,6.308692268079007e-05
Wrestling,1025.0,5.554274284764043e-05
Wrestling,1030.0,5.554274284764043e-05
Wrestling,1035.0,5.554274284764043e-05
Wrestling,1040.0,2.903330684307771e-05
Wrestling,1045.0,2.903330684307771e-05
Wrestling,1050.0,2.903330684307771e-05
Wrestling,1055.0,1.007911518104733e-05
Wrestling,1060.0,1.007911518104733e-05
Wrestling,1065.0,1.007911518104733e-05
Wrestling,1070.0,1.007911518104733e-05
Wrestling,1075.0,1.007911518104733e-05
Wrestling,1080.0,1.007911518104733e-05
Wrestling,1085.0,1.5411200445818308e-05
Wrestling,1090.0,1.5411200445818308e-05
Wrestling,1095.0,1.5411200445818308e-05
Wrestling,1100.0,1.5411200445818308e-05
Wrestling,1105.0,1.5411200445818308e-05
Wrestling,1110.0,2.007775841087399e-05
Wrestling,1115.0,2.9496741216758723e-05
Wrestling,1120.0,2.4830183251703035e-05
Wrestling,1125.0,2.4830183251703035e-05
Wrestling,1130.0,2.4830183251703035e-05
Wrestling,1135.0,2.4830183251703035e-05
Wrestling,1140.0,2.4830183251703035e-05
Wrestling,1145.0,2.0413001023298544e-05
Wrestling,1150.0,2.0413001023298544e-05
Wrestling,1155.0,2.0413001023298544e-05
Wrestling,1160.0,2.0413001023298544e-05
Wrestling,1165.0,2.0413001023298544e-05
Wrestling,1170.0,2.0413001023298544e-05
Wrestling,1175.0,2.0413001023298544e-05
Wrestling,1180.0,2.0413001023298544e-05
Wrestling,1185.0,2.0413001023298544e-05
Wrestling,1190.0,3.1260762204282473e-06
Wrestling,1195.0,3.1260762204282473e-06
Wrestling,1200.0,3.1260762204282473e-06
Wrestling,1205.0,3.1260762204282473e-06
Wrestling,1210.0,3.1260762204282473e-06
Wrestling,1215.0,3.1260762204282473e-06
Wrestling,1220.0,3.1260762204282473e-06
Wrestling,1225.0,3.1260762204282473e-06
Wrestling,1230.0,3.1260762204282473e-06
Wrestling,1235.0,3.1260762204282473e-06
Wrestling,1240.0,3.1260762204282473e-06
Wrestling,1245.0,3.1260762204282473e-06
Wrestling,1250.0,3.1260762204282473e-06
Wrestling,1255.0,3.1260762204282473e-06
Wrestling,1260.0,3.1260762204282473e-06
Wrestling,1265.0,7.541181385329773e-06
Wrestling,1270.0,7.541181385329773e-06
Wrestling,1275.0,7.541181385329773e-06
Wrestling,1280.0,7.541181385329773e-06
Wrestling,1285.0,7.541181385329773e-06
Wrestling,1290.0,7.541181385329773e-06
Wrestling,1295.0,7.541181385329773e-06
Wrestling,1300.0,0.0
Wrestling,1305.0,0.0
Wrestling,1310.0,0.0
Wrestling,1315.0,0.0
Wrestling,1320.0,0.0
Wrestling,1325.0,0.0
Wrestling,1330.0,0.0
Wrestling,1335.0,0.0
Wrestling,1340.0,0.0
Wrestling,1345.0,0.0
Wrestling,1350.0,0.0
Wrestling,1355.0,0.0
Wrestling,1360.0,0.0
Wrestling,1365.0,0.0
Wrestling,1370.0,0.0
Wrestling,1375.0,0.0
Wrestling,1380.0,0.0
Wrestling,1385.0,0.0
Wrestling,1390.0,0.0
Wrestling,1395.0,0.0
Wrestling,1400.0,0.0
Wrestling,1405.0,0.0
Wrestling,1410.0,0.0
Wrestling,1415.0,0.0
Wrestling,1420.0,0.0
Wrestling,1425.0,0.0
Wrestling,1430.0,0.0
Wrestling,1435.0,0.0
